{"cameraMode":{"drawMode":0,"name":"Shaded","section":"Shading Mode"},"sceneLighting":true,"audioPlay":false,"sceneViewState":{"showFog":true,"showMaterialUpdate":false,"showSkybox":true,"showFlares":true,"showImageEffects":true,"showParticleSystems":true},"in2DMode":false,"pivot":{"x":-2.529820203781128,"y":-58.182579040527347,"z":26.667089462280275},"rotation":{"x":0.3192192018032074,"y":0.010555305518209935,"z":-0.003393025603145361,"w":0.947690486907959},"size":122.9332504272461,"orthographic":false}